{"is_source_file": true, "file_id": 9, "git_revision": "", "state": 1, "description": "", "external_files": [], "external_methods": [], "published": [], "classes": [], "methods": [], "calls": [], "search-terms": [], "ctags": [{"_type": "tag", "name": "_get_jwt_expiry_minutes", "path": "/home/kavia/workspace/code-generation/user-profile-management-system-42731-42740/auth_backend/app/auth.py", "pattern": "/^def _get_jwt_expiry_minutes() -> int:$/", "language": "Python", "typeref": "typename:int", "kind": "function", "signature": "()"}, {"_type": "tag", "name": "_get_secret", "path": "/home/kavia/workspace/code-generation/user-profile-management-system-42731-42740/auth_backend/app/auth.py", "pattern": "/^def _get_secret() -> str:$/", "language": "Python", "typeref": "typename:str", "kind": "function", "signature": "()"}, {"_type": "tag", "name": "create_access_token", "path": "/home/kavia/workspace/code-generation/user-profile-management-system-42731-42740/auth_backend/app/auth.py", "pattern": "/^def create_access_token(user_id: int) -> str:$/", "language": "Python", "typeref": "typename:str", "kind": "function", "signature": "(user_id: int)"}, {"_type": "tag", "name": "decode_access_token", "path": "/home/kavia/workspace/code-generation/user-profile-management-system-42731-42740/auth_backend/app/auth.py", "pattern": "/^def decode_access_token(token: str) -> Dict[str, Any]:$/", "language": "Python", "typeref": "typename:Dict[str,Any]", "kind": "function", "signature": "(token: str)"}, {"_type": "tag", "name": "get_bearer_token", "path": "/home/kavia/workspace/code-generation/user-profile-management-system-42731-42740/auth_backend/app/auth.py", "pattern": "/^def get_bearer_token(auth_header: Optional[str]) -> Optional[str]:$/", "language": "Python", "typeref": "typename:Optional[str]", "kind": "function", "signature": "(auth_header: Optional[str])"}, {"_type": "tag", "name": "hash_password", "path": "/home/kavia/workspace/code-generation/user-profile-management-system-42731-42740/auth_backend/app/auth.py", "pattern": "/^def hash_password(password: str) -> str:$/", "language": "Python", "typeref": "typename:str", "kind": "function", "signature": "(password: str)"}, {"_type": "tag", "name": "verify_password", "path": "/home/kavia/workspace/code-generation/user-profile-management-system-42731-42740/auth_backend/app/auth.py", "pattern": "/^def verify_password(password: str, password_hash: str) -> bool:$/", "language": "Python", "typeref": "typename:bool", "kind": "function", "signature": "(password: str, password_hash: str)"}], "format": "Python", "hash": "d10ca87d967f29ae207c2f5373f820ee", "format-version": 4, "code-base-name": "auth_backend", "filename": "auth_backend/app/auth.py", "knowledge_revision": 16}