{"is_source_file": true, "file_id": 8, "git_revision": "", "state": 1, "description": "", "external_files": [], "external_methods": [], "published": [], "classes": [], "methods": [], "calls": [], "search-terms": [], "ctags": [{"_type": "tag", "name": "User", "path": "/home/kavia/workspace/code-generation/user-profile-management-system-42731-42740/auth_backend/app/models.py", "pattern": "/^class User(Base):$/", "language": "Python", "kind": "class"}, {"_type": "tag", "name": "__tablename__", "path": "/home/kavia/workspace/code-generation/user-profile-management-system-42731-42740/auth_backend/app/models.py", "pattern": "/^    __tablename__ = \"users\"$/", "file": true, "language": "Python", "kind": "variable", "scope": "User", "scopeKind": "class"}, {"_type": "tag", "name": "_utcnow", "path": "/home/kavia/workspace/code-generation/user-profile-management-system-42731-42740/auth_backend/app/models.py", "pattern": "/^def _utcnow() -> datetime:$/", "language": "Python", "typeref": "typename:datetime", "kind": "function", "signature": "()"}, {"_type": "tag", "name": "bio", "path": "/home/kavia/workspace/code-generation/user-profile-management-system-42731-42740/auth_backend/app/models.py", "pattern": "/^    bio: Mapped[str | None] = mapped_column(Text, nullable=True)$/", "language": "Python", "typeref": "typename:Mapped[str | None]", "kind": "variable", "scope": "User", "scopeKind": "class"}, {"_type": "tag", "name": "created_at", "path": "/home/kavia/workspace/code-generation/user-profile-management-system-42731-42740/auth_backend/app/models.py", "pattern": "/^    created_at: Mapped[datetime] = mapped_column($/", "language": "Python", "typeref": "typename:Mapped[datetime]", "kind": "variable", "scope": "User", "scopeKind": "class"}, {"_type": "tag", "name": "display_name", "path": "/home/kavia/workspace/code-generation/user-profile-management-system-42731-42740/auth_backend/app/models.py", "pattern": "/^    display_name: Mapped[str | None] = mapped_column(String(120), nullable=True)$/", "language": "Python", "typeref": "typename:Mapped[str | None]", "kind": "variable", "scope": "User", "scopeKind": "class"}, {"_type": "tag", "name": "email", "path": "/home/kavia/workspace/code-generation/user-profile-management-system-42731-42740/auth_backend/app/models.py", "pattern": "/^    email: Mapped[str] = mapped_column(String(255), unique=True, index=True, nullable=False)$/", "language": "Python", "typeref": "typename:Mapped[str]", "kind": "variable", "scope": "User", "scopeKind": "class"}, {"_type": "tag", "name": "id", "path": "/home/kavia/workspace/code-generation/user-profile-management-system-42731-42740/auth_backend/app/models.py", "pattern": "/^    id: Mapped[int] = mapped_column(Integer, primary_key=True, index=True)$/", "language": "Python", "typeref": "typename:Mapped[int]", "kind": "variable", "scope": "User", "scopeKind": "class"}, {"_type": "tag", "name": "password_hash", "path": "/home/kavia/workspace/code-generation/user-profile-management-system-42731-42740/auth_backend/app/models.py", "pattern": "/^    password_hash: Mapped[str] = mapped_column(String(255), nullable=False)$/", "language": "Python", "typeref": "typename:Mapped[str]", "kind": "variable", "scope": "User", "scopeKind": "class"}, {"_type": "tag", "name": "updated_at", "path": "/home/kavia/workspace/code-generation/user-profile-management-system-42731-42740/auth_backend/app/models.py", "pattern": "/^    updated_at: Mapped[datetime] = mapped_column($/", "language": "Python", "typeref": "typename:Mapped[datetime]", "kind": "variable", "scope": "User", "scopeKind": "class"}], "format": "Python", "hash": "8f4c1bcac737fa661bbba93f654df058", "format-version": 4, "code-base-name": "auth_backend", "filename": "auth_backend/app/models.py", "knowledge_revision": 15}