{"is_source_file": true, "format": "Python", "description": "This file defines a health check endpoint using Flask's Blueprint and MethodView, providing a simple health status message.", "external_files": ["flask_smorest", "flask.views"], "external_methods": ["Blueprint", "MethodView"], "published": [], "classes": [{"name": "HealthCheck", "description": "A Flask view for the health check endpoint."}], "methods": [{"name": "get(self)", "description": "Handles GET requests to the health check endpoint, returning a JSON message indicating health status.", "scope": "HealthCheck", "scopeKind": "class"}], "calls": ["blp.route"], "search-terms": ["health", "endpoint", "Flask", "Blueprint", "MethodView", "/"], "state": 2, "file_id": 6, "knowledge_revision": 13, "git_revision": "5da4bff6cdddd2e4f785e03364a987723886dfa5", "ctags": [{"_type": "tag", "name": "HealthCheck", "path": "/home/kavia/workspace/code-generation/user-profile-management-system-42731-42740/auth_backend/app/routes/health.py", "pattern": "/^class HealthCheck(MethodView):$/", "language": "Python", "kind": "class"}, {"_type": "tag", "name": "blp", "path": "/home/kavia/workspace/code-generation/user-profile-management-system-42731-42740/auth_backend/app/routes/health.py", "pattern": "/^blp = Blueprint(\"Healt Check\", \"health check\", url_prefix=\"\\/\", description=\"Health check route\"/", "language": "Python", "kind": "variable"}, {"_type": "tag", "name": "get", "path": "/home/kavia/workspace/code-generation/user-profile-management-system-42731-42740/auth_backend/app/routes/health.py", "pattern": "/^    def get(self):$/", "language": "Python", "kind": "member", "signature": "(self)", "scope": "HealthCheck", "scopeKind": "class"}], "hash": "5ccb26207c10cfd25878b9712bbd6409", "format-version": 4, "code-base-name": "auth_backend", "filename": "auth_backend/app/routes/health.py", "fields": [{"name": "blp = Blueprint(\"Healt Check\", \"health check\", url_prefix=\"\\/\", description=\"Health check route\"/", "scope": "", "scopeKind": "", "description": "unavailable"}], "revision_history": [{"13": "5da4bff6cdddd2e4f785e03364a987723886dfa5"}]}