{"is_source_file": true, "format": "Python", "description": "A script to generate and save OpenAPI specifications for the Flask application, utilizing Flask and Flask-Smorest to create the API spec and save it as a JSON file.", "external_files": ["app"], "external_methods": ["app.app_context", "api.spec.to_dict"], "published": [], "classes": [], "methods": [{"name": "<module-level script>", "description": "Main script logic to generate and save OpenAPI spec."}], "calls": ["json.dump", "os.makedirs", "os.path.join", "api.spec.to_dict", "app.app_context"], "search-terms": ["generate_openapi", "Flask app context", "api.spec", "OpenAPI JSON generation", "Flask-Smorest", "spec to_dict"], "state": 2, "file_id": 2, "knowledge_revision": 10, "git_revision": "5da4bff6cdddd2e4f785e03364a987723886dfa5", "ctags": [{"_type": "tag", "name": "openapi_spec", "path": "/home/kavia/workspace/code-generation/user-profile-management-system-42731-42740/auth_backend/generate_openapi.py", "pattern": "/^    openapi_spec = api.spec.to_dict()$/", "language": "Python", "kind": "variable"}, {"_type": "tag", "name": "output_dir", "path": "/home/kavia/workspace/code-generation/user-profile-management-system-42731-42740/auth_backend/generate_openapi.py", "pattern": "/^    output_dir = \"interfaces\"$/", "language": "Python", "kind": "variable"}, {"_type": "tag", "name": "output_path", "path": "/home/kavia/workspace/code-generation/user-profile-management-system-42731-42740/auth_backend/generate_openapi.py", "pattern": "/^    output_path = os.path.join(output_dir, \"openapi.json\")$/", "language": "Python", "kind": "variable"}], "hash": "65ec7d3cc6c826bade677c81704d7819", "format-version": 4, "code-base-name": "auth_backend", "filename": "auth_backend/generate_openapi.py", "fields": [{"name": "openapi_spec = api.spec.to_dict()", "scope": "", "scopeKind": "", "description": "unavailable"}, {"name": "output_dir = \"interfaces\"", "scope": "", "scopeKind": "", "description": "unavailable"}, {"name": "output_path = os.path.join(output_dir, \"openapi.json\")", "scope": "", "scopeKind": "", "description": "unavailable"}], "revision_history": [{"10": "5da4bff6cdddd2e4f785e03364a987723886dfa5"}]}