{"is_source_file": true, "format": "Python", "description": "This file is a Python script that imports an application object named 'app' from the 'app' module and runs it if executed directly. It is likely part of a web service or backend server setup.", "external_files": ["app.py"], "external_methods": ["app.run"], "published": [], "classes": [], "methods": [], "calls": ["app.run"], "search-terms": ["auth_backend", "run.py", "app", "app.run", "main"], "state": 2, "file_id": 3, "knowledge_revision": 11, "git_revision": "5da4bff6cdddd2e4f785e03364a987723886dfa5", "ctags": [], "hash": "b4cfd2f2017c7f88e4049fa0ed026e86", "format-version": 4, "code-base-name": "auth_backend", "filename": "auth_backend/run.py", "revision_history": [{"11": "5da4bff6cdddd2e4f785e03364a987723886dfa5"}]}