{"is_source_file": true, "file_id": 7, "git_revision": "", "state": 1, "description": "", "external_files": [], "external_methods": [], "published": [], "classes": [], "methods": [], "calls": [], "search-terms": [], "ctags": [{"_type": "tag", "name": "Base", "path": "/home/kavia/workspace/code-generation/user-profile-management-system-42731-42740/auth_backend/app/db.py", "pattern": "/^Base = declarative_base()$/", "language": "Python", "kind": "variable"}, {"_type": "tag", "name": "DbConfig", "path": "/home/kavia/workspace/code-generation/user-profile-management-system-42731-42740/auth_backend/app/db.py", "pattern": "/^class DbConfig:$/", "language": "Python", "kind": "class"}, {"_type": "tag", "name": "SessionLocal", "path": "/home/kavia/workspace/code-generation/user-profile-management-system-42731-42740/auth_backend/app/db.py", "pattern": "/^SessionLocal = scoped_session($/", "language": "Python", "kind": "variable"}, {"_type": "tag", "name": "_db_config", "path": "/home/kavia/workspace/code-generation/user-profile-management-system-42731-42740/auth_backend/app/db.py", "pattern": "/^_db_config = DbConfig(database_url=os.getenv(\"DATABASE_URL\", _default_db_url()))$/", "language": "Python", "kind": "variable"}, {"_type": "tag", "name": "_default_db_url", "path": "/home/kavia/workspace/code-generation/user-profile-management-system-42731-42740/auth_backend/app/db.py", "pattern": "/^def _default_db_url() -> str:$/", "language": "Python", "typeref": "typename:str", "kind": "function", "signature": "()"}, {"_type": "tag", "name": "engine", "path": "/home/kavia/workspace/code-generation/user-profile-management-system-42731-42740/auth_backend/app/db.py", "pattern": "/^engine = create_engine($/", "language": "Python", "kind": "variable"}, {"_type": "tag", "name": "get_db_session", "path": "/home/kavia/workspace/code-generation/user-profile-management-system-42731-42740/auth_backend/app/db.py", "pattern": "/^def get_db_session():$/", "language": "Python", "kind": "function", "signature": "()"}, {"_type": "tag", "name": "init_db", "path": "/home/kavia/workspace/code-generation/user-profile-management-system-42731-42740/auth_backend/app/db.py", "pattern": "/^def init_db() -> None:$/", "language": "Python", "typeref": "typename:None", "kind": "function", "signature": "()"}], "format": "Python", "hash": "14eaf852631cfd9fbcee7c55d57126e7", "format-version": 4, "code-base-name": "auth_backend", "filename": "auth_backend/app/db.py", "knowledge_revision": 14}