{"is_source_file": true, "format": "Python", "description": "This file initializes a Flask application, configures CORS, sets up API metadata, and registers a blueprint for health routes.", "external_files": ["flask", "flask_cors", ".routes.health", "flask_smorest"], "external_methods": ["Flask", "CORS", "app.config", "Api"], "published": [], "classes": [], "methods": [{"name": "__init__ (implicitly from Flask app)", "description": "Initializes a Flask app instance with specified configurations."}], "calls": ["Flask(__name__)", "CORS(app, resources={r\"/*\": {\"origins\": \"*\"}})", "app.config[\"API_TITLE\"] = \"My Flask API\"", "app.config[\"API_VERSION\"] = \"v1\"", "app.config[\"OPENAPI_VERSION\"] = \"3.0.3\"", "app.config['OPENAPI_URL_PREFIX'] = '/docs'", "app.config[\"OPENAPI_SWAGGER_UI_PATH\"] = \"\"", "app.config[\"OPENAPI_SWAGGER_UI_URL\"] = \"https://cdn.jsdelivr.net/npm/swagger-ui-dist/\"", "api = Api(app)", "api.register_blueprint(blp)"], "search-terms": ["Flask app initialization", "CORS configuration", "API setup", "Blueprint registration", "OpenAPI configuration"], "state": 2, "file_id": 4, "knowledge_revision": 12, "git_revision": "5da4bff6cdddd2e4f785e03364a987723886dfa5", "ctags": [{"_type": "tag", "name": "api", "path": "/home/kavia/workspace/code-generation/user-profile-management-system-42731-42740/auth_backend/app/__init__.py", "pattern": "/^api = Api(app)$/", "language": "Python", "kind": "variable"}, {"_type": "tag", "name": "app", "path": "/home/kavia/workspace/code-generation/user-profile-management-system-42731-42740/auth_backend/app/__init__.py", "pattern": "/^app = Flask(__name__)$/", "language": "Python", "kind": "variable"}], "hash": "da3fd8f5753305c3dde1f2a956741543", "format-version": 4, "code-base-name": "auth_backend", "filename": "auth_backend/app/__init__.py", "fields": [{"name": "api = Api(app)", "scope": "", "scopeKind": "", "description": "unavailable"}, {"name": "app = Flask(__name__)", "scope": "", "scopeKind": "", "description": "unavailable"}], "revision_history": [{"12": "5da4bff6cdddd2e4f785e03364a987723886dfa5"}]}